group,parameter,symbol,value,unit,status_or_source,uncertainty_or_range
geometry,domain length,L,0.50,m,user requirement,fixed
geometry,domain width,W,0.50,m,user requirement,fixed
geometry,water depth,H,0.25,m,user requirement,fixed
geometry,initial sediment thickness,Hs,0.25,m,user requirement,fixed
mesh,minimum cell size,delta_min,0.001,m,user requirement,critical zone
mesh,maximum cell size,delta_max,0.025,m,user requirement,far field
flow,bulk inlet velocity,U,0.50,m/s,user requirement,calibrate from ADCP profile
flow,water temperature,T,15,degC,engineering baseline,season dependent
flow,water density,rho_f,999,kg/m3,fresh water at 15 degC,997-1000
flow,kinematic viscosity,nu,1.14e-6,m2/s,fresh water at 15 degC,temperature dependent
flow,gravity,g,9.80665,m/s2,standard gravity,fixed
turbulence,model,,k-omega SST,-,OpenFOAM RANS baseline,compare with LES in validation
turbulence,inlet intensity,I,0.05,-,engineering baseline,0.03-0.10
turbulence,length scale,l,0.0175,m,0.07 water depth,site dependent
turbulence,inlet kinetic energy,k,9.375e-4,m2/s2,derived from U and I,-
turbulence,inlet omega,omega,3.2,1/s,derived baseline,-
free_surface,treatment,,rigid-lid symmetry,-,Fr=0.319 subcritical baseline,VOF needed for waves
sediment,bed material density,rho_s,2650,kg/m3,quartz baseline,2600-2700
sediment,bed d10,d10,0.00010,m,Yangtze representative range,replace with sieve data
sediment,bed d50,d50,0.00023,m,Yangtze representative baseline,0.00010-0.00040
sediment,bed d90,d90,0.00040,m,Yangtze representative range,replace with sieve data
sediment,porosity,n,0.40,-,CsMax=0.60,0.35-0.45
sediment,repose angle,phi_r,32,deg,medium-fine sand,30-34
sediment,equivalent roughness,Ks,0.000575,m,2.5*d50,calibrate
sediment,bedload formula,,Meyer-Peter,-,solver model,compare with alternative formula
sediment,critical Shields,,Soulsby,-,solver model,calibrate to incipient motion
sediment,settling model,,Fredsoe,-,solver model,validate settling velocity
sediment,Schmidt number,Sc,1.0,-,baseline,0.7-1.3
sediment,morphological acceleration,M,1.0,-,physical time,no acceleration
suspension,inlet wash-load SSC,SSC,0,kg/m3,bed-material baseline,fine wash load requires second fraction
suspension,observed SSC sensitivity low,SSC_low,0.09,kg/m3,Yangtze scenario,not directly applied
suspension,observed SSC sensitivity baseline,SSC_mid,0.163,kg/m3,Yangtze scenario,not directly applied
suspension,observed SSC sensitivity high,SSC_high,0.19,kg/m3,Yangtze scenario,not directly applied
body,material,,homogeneous iron,-,user requirement,no corrosion
body,length x width x height,,0.10x0.10x0.20,m,STL bounding box,fixed
body,density,rho_b,7870,kg/m3,iron baseline,7800-7900
body,mass,m,15.74,kg,derived from density and volume,-
body,inertia Ixx,Ixx,0.0655833,kg m2,solid cuboid analytic,-
body,inertia Iyy,Iyy,0.0655833,kg m2,solid cuboid analytic,-
body,inertia Izz,Izz,0.0262333,kg m2,solid cuboid analytic,-
immersed_boundary,penalty relaxation,tau,0.0002,s,numerical parameter,mesh and dt dependent
immersed_boundary,interface thickness,epsilon,0.002,m,two minimum cells,mesh dependent
contact,contact model,,25-point Winkler-Coulomb,-,custom coupled model,calibrate against sinkage test
contact,foundation stiffness,K,5.0e6,N/m3,dense wet-sand baseline,strong uncertainty
contact,damping ratio,zeta,1.20,-,overdamped baseline,0.8-1.5
contact,static friction,mu_s,0.52,-,iron-wet sand assumption,0.4-0.65
contact,dynamic friction,mu_d,0.42,-,iron-wet sand assumption,0.3-0.55
contact,bearing capacity,q_u,18000,Pa,local wet-sand baseline,site-test required
timing,hydrodynamic spin-up,t_spin,3,s,model design,check stationarity
timing,coupled physical duration,t_run,60,s,user requirement,fixed
numerics,maximum Courant number,Co_max,0.35,-,stability control,reduce if unstable
numerics,maximum time step,dt_max,0.0005,s,1 mm and U=0.5 m/s,adaptive
